email,address,phone,name,geo_location,lucky_number,birth_date
xanthapratt7715@yahoo.edu,Ap #842-8652 Eros Rd.,07 18 69 75 23,Xantha Pratt,"-13.684769792, -0.618230272",36,10/20/1957
avramweaver2764@hotmail.ci,8799 At St.,08 59 41 48 82,Avram Weaver,"-85.7535678464, -100.224569856",28,04/05/1981
715-3453 A St.,12/31/1954,Larissa Everett,08 29 49 72 36,larissaeverett8428@google.com,"26.2019121152, -15.0919571456",72
chantaleholder9106@yahoo.sn,04/14/1995,8353 Enim St.,"71.7450401792, 177.6485578752",Chantale Holder,49,05 55 46 51 37
"P.O. Box 200, 181 At, St.","-89.8634413056, 124.8843877376",09 86 47 62 57,hamishwoods4997@yahoo.sa,96,03/15/1998,Hamish Woods
77,577-748 Sed Ave,"71.4287332352, -60.3587833856",09 91 18 72 95,curranmcfadden@outlook.net,01/17/1991,Curran Mcfadden
08 57 31 26 66,"-23.573850624, -126.4811677696",Matthew Stephenson,Ap #445-3779 Nibh Avenue,72,12/31/1965,matthewstephenson@icloud.org
Nissim Sawyer,259-342 Nulla Av.,01/11/1987,07 38 36 97 11,nissimsawyer@yahoo.couk,84,"-86.5503683584, -63.9793779712"
08/07/1962,Iris Doyle,irisdoyle4933@yahoo.com,10,"25.0994029568, -137.5596455936",Ap #905-2620 Non Street,05 43 87 97 02
01/17/1991,amydillard1384@icloud.edu,70,"P.O. Box 946, 2271 Libero Av.",05 23 68 60 31,"-17.794721792, -174.4635995136",Amy Dillard
09/18/1991,emmahester2834@aol.ca,"-28.0093594624, 158.0597736448",159-483 Iaculis Rd.,35,Emma Hester,03 65 82 27 75
02 12 76 26 88,"-28.303484928, -87.7826542592",rudyardbecker@yahoo.com,05/23/1976,Rudyard Becker,481-3726 Ipsum Rd.,42
6779 Morbi Av.,nigelkeller818@aol.gh,"-9.3042527232, -59.4971293696",Nigel Keller,11/20/1999,02 19 63 71 46,47
06/22/1969,Tamara Vargas,tamaravargas@outlook.net,06 28 23 34 58,54,"P.O. Box 568, 2375 Sed Rd.","-28.0656802816, 36.9649855488"
Delilah Peck,12/18/1948,"P.O. Box 251, 374 Ipsum Avenue","0.2049477632, -106.5674179584",delilahpeck@outlook.gh,4,06 38 58 53 61
06 59 81 77 79,09/10/1983,"-70.9772868608, 66.4556766208",Ap #880-8504 Sit St.,19,finnrivera@aol.ca,Finn Rivera
04 43 65 25 43,levchang7115@aol.couk,"P.O. Box 725, 8358 Sodales St.",Lev Chang,"50.597758464, 97.7193837568",09/09/1951,88
stewartsaunders6529@aol.edu,"-89.5411060736, -159.6945277952",Ap #932-4552 Penatibus Ave,Stewart Saunders,02 19 78 74 16,68,06/09/1947
05 80 67 78 92,09/04/1958,49,sonyaalvarado@google.net,"18.3164959744, 62.4155281408",Sonya Alvarado,Ap #366-8048 Consequat Avenue
"-38.6477244416, -62.718685184","P.O. Box 981, 4337 Lorem Rd.",inezpollard6607@protonmail.couk,01/08/1956,Inez Pollard,03 84 84 97 68,68
06 31 25 70 06,05/21/1985,hardingroach7624@aol.sa,"-89.9770595328, 40.2232137728",63,Harding Roach,"P.O. Box 958, 9593 Vel St."
Baxter Potter,"41.1720188928, 56.7183161344",01/13/1992,baxterpotter@icloud.couk,243-2563 Imperdiet Street,04 43 11 55 67,82
5,Dieter Watson,"65.3271704576, -73.5662020608",02/24/1993,dieterwatson@hotmail.net,"455-2593 Lacus, Rd.",06 81 78 62 73
aldenschmidt@protonmail.com,29,Alden Schmidt,10/26/1991,966-4078 Turpis. Road,03 82 41 62 60,"35.1630552064, 48.5094176768"
kaseemwarren@hotmail.sn,31,"46.5387901952, 179.9216633856",244-7401 Dignissim Avenue,Kaseem Warren,03 11 80 74 84,03/24/1960
11,"75.515853312, -57.6291162112",03 46 72 43 48,06/08/1977,Denton O'brien,dentonobrien4647@outlook.sn,"P.O. Box 236, 4733 Amet, Road"
4700 Purus. St.,Martena Clements,martenaclements@google.ci,07 51 16 76 82,"-57.718250496, 117.4671791104",4,10/16/1998
lenlindsay6600@yahoo.org,02/04/1948,80,"P.O. Box 398, 8491 Eget St.",01 69 10 39 34,Len Lindsay,"61.7110668288, 31.3426453504"
02 15 84 73 21,6,08/26/1974,Indigo Crosby,"11.9427999744, -126.8514430976",837-3910 Aliquet Ave,indigocrosby@aol.gh
Nola Wheeler,Ap #835-286 Accumsan Avenue,15,01/20/1973,"-8.632104448, -140.2498644992",04 20 12 83 71,nolawheeler7909@hotmail.gh
Cheryl Clay,101-2918 Sollicitudin Ave,77,04 38 38 24 08,cherylclay745@protonmail.net,"78.495758848, -19.0766642176",01/08/1990
"920-1826 At, Ave",06 97 41 86 62,19,07/08/1983,"29.0741415936, -148.2555283456",Victor Patel,victorpatel@protonmail.com
31,5669 Ac Rd.,"-48.7479310336, 117.9745082368",01/24/1956,Calista Dotson,06 45 96 87 08,calistadotson4574@yahoo.ci
Kitra Benton,75,"1.1012379648, -29.4555805696",07 35 52 06 25,kitrabenton4542@outlook.com,893-5835 Non Rd.,06/04/1991
Lee Guerra,6915 Sit St.,leeguerra3889@icloud.net,02 79 89 35 36,21,"33.1058035712, -178.1008342016",02/24/1990
Ap #889-2615 Dictum St.,11/22/1959,kellygonzales4143@yahoo.ci,56,02 65 24 85 60,Kelly Gonzales,"67.6805085184, -146.1873447936"
imanidudley@hotmail.org,Imani Dudley,25,"85.6038381568, 123.6622901248",Ap #688-3307 Accumsan Rd.,04 24 81 29 60,09/24/1973
"29.019924992, 143.2770226176",12/01/1966,"986-9417 Sed, St.",04 34 74 38 52,mararaymond@outlook.sa,83,Mara Raymond
05 48 18 04 68,"-73.908476416, -165.9774979072",03/14/1957,"P.O. Box 366, 5186 In Rd.",56,angelicatrujillo@outlook.edu,Angelica Trujillo
33,"-35.1572944896, 127.8412322816",masonware6077@icloud.couk,03 31 49 80 23,Mason Ware,09/04/1977,Ap #640-6062 Tristique St.
08 00 42 43 38,daphnewhitney9612@protonmail.ci,92,Daphne Whitney,Ap #920-4574 Metus. Avenue,10/23/1965,"40.1710620672, -95.3271943168"
"-88.4078508032, -60.3409301504",02/01/1945,06 66 65 87 51,kayelarsen@outlook.sa,Kaye Larsen,12,Ap #861-8061 Cras Av.
08 72 75 03 10,Laurel Velasquez,"-26.3651478528, -21.274616832",laurelvelasquez6782@outlook.sa,7066 Proin Rd.,41,09/19/1986
03/07/1947,"Ap #163-2758 Ut, Avenue",04 42 52 55 50,merrittrocha@outlook.org,"88.4165920768, 31.100110848",15,Merritt Rocha
"8.7480334336, -106.3686770688",kadeemshields@google.net,"8801 Placerat, Av.",06/03/1980,Kadeem Shields,98,02 65 89 29 40
09/20/1994,Herman Little,"392-312 Ornare, Avenue","-47.0635087872, -93.8958032896",30,06 85 78 28 16,hermanlittle@outlook.couk
Jacob Schroeder,Ap #426-1823 Aliquam Street,07 54 08 05 62,"8.8045452288, -139.426516992",jacobschroeder3232@outlook.sn,11/06/1981,20
07 85 92 14 88,"-42.6046408704, -140.3114062848","Ap #221-9435 Eget, Rd.",inezpetersen8150@google.net,5,01/16/1958,Inez Petersen
kirestinmeyers551@google.edu,02/13/1967,Kirestin Meyers,27,955-7530 Aliquam Avenue,"13.6304883712, -173.0082515968",05 31 46 17 28
Ap #178-9664 Faucibus Street,"76.1977490432, -126.7500485632",Blaze Garza,59,03 94 15 81 68,blazegarza@outlook.couk,04/05/1962
Sylvester Dickerson,46,04 61 81 17 22,sylvesterdickerson@protonmail.sn,"50.2562296832, -136.7386728448",07/04/1994,551-8348 Quisque Av.
Catherine Bean,08 38 38 36 19,"-33.5971668992, 159.9859892224",Ap #215-7147 Arcu. Avenue,catherinebean8216@outlook.couk,53,07/07/1971
buckminstermoss6967@protonmail.sa,05 64 80 24 17,8,"-0.6194213888, -137.1717067776",Buckminster Moss,3099 Vestibulum Road,10/05/1989
Grace Terry,"-82.08670208, -10.9497030656",8823 Velit Ave,29,08 75 93 14 31,07/01/2000,graceterry@icloud.com
ronanpotts@hotmail.sa,Ap #723-4594 Aliquet St.,05/31/1963,47,Ronan Potts,"65.7006600192, 116.5962896384",05 16 13 28 58
07/21/1973,altheamorin@icloud.sa,08 05 71 33 49,"Ap #202-6640 Augue, Road","6.935259648, 8.7812031488",59,Althea Morin
02/11/1945,"P.O. Box 829, 1685 Non Road",08 17 16 92 65,"-56.3281676288, -168.0445304832",Alden Christensen,aldenchristensen@yahoo.gh,50
"-48.9244556288, -77.6786837504",Castor Albert,"P.O. Box 133, 7431 Nec Road",94,04 03 53 56 45,castoralbert1214@aol.ca,03/01/1963
88,hiramrios8142@aol.sa,Hiram Rios,11/12/1967,"73.2516560896, -114.9376963584",01 13 29 99 65,Ap #884-4197 Enim St.
02 20 78 73 55,"-50.94098688, 176.3750649856",13,ellabeach9953@aol.couk,Ella Beach,268-7190 Est Street,06/24/1997
"46.4501745664, 37.3754302464",07/25/1983,02 18 10 42 21,Ap #796-505 Mus. Street,10,Macaulay Carrillo,macaulaycarrillo4883@hotmail.edu
"-5.663019008, 13.370592768",08/14/1965,Cullen Garner,07 31 70 94 84,35,276-8941 Mauris St.,cullengarner@hotmail.net
phyllismyers@protonmail.edu,"P.O. Box 256, 3969 Fusce Road",32,04/12/1998,02 57 64 88 56,"-56.1447542784, 81.444611584",Phyllis Myers
853-4472 Aliquam Road,91,03/19/1962,teeganarnold7204@outlook.ca,02 24 71 81 58,Teegan Arnold,"55.0321758208, -129.9041750016"
736-7892 Massa. St.,"-70.448649728, -43.8684792832",medgekemp271@hotmail.sn,Medge Kemp,05/06/1952,05 37 54 62 28,67
"28.6161409024, 105.951204864",Jolie Hampton,04/02/1997,04 51 91 71 74,101,Ap #227-679 Egestas Rd.,joliehampton@hotmail.sn
Ap #191-8449 Adipiscing Street,"-78.7645177856, -45.6239202304",03 96 58 22 89,12/01/1998,Vaughan Le,vaughanle5675@protonmail.couk,62
642-4577 Sed Rd.,3,12/25/1975,micahmcfarland@outlook.edu,"87.8889228288, 102.8949200896",Micah Mcfarland,05 85 31 81 54
03 22 41 56 47,Basil Ellis,08/01/1973,56,"65.061891584, 117.974829568","P.O. Box 650, 5355 Nec Road",basilellis6811@outlook.sn
04 21 06 01 42,"19.342408704, 164.5948822528","909-7461 Aliquet, Avenue",aimeejohnston@aol.sn,07/28/1964,98,Aimee Johnston
75,01 66 06 37 76,jarrodferrell@hotmail.couk,12/24/1964,"-19.0036859904, -0.9401064448",Ap #939-4048 Facilisis St.,Jarrod Ferrell
05 47 33 31 57,hannahburgess1193@icloud.gh,"-69.2851704832, -61.3913778176",305-2701 Adipiscing Ave,38,06/07/1976,Hannah Burgess
damianworkman3852@yahoo.sa,Damian Workman,Ap #417-9210 Sem St.,102,06/14/1953,"26.0220177408, 5.057721344",02 84 43 90 62
07 46 86 13 93,Hadley Pugh,hadleypugh2299@protonmail.ca,34,01/29/1959,"66.820456448, 45.6261772288","P.O. Box 962, 8736 Est St."
Ap #242-6958 Sem Av.,azaliawooten@outlook.ci,03/29/1973,03 42 12 83 89,41,Azalia Wooten,"-47.6405325824, 92.1004213248"
Griffin Casey,102,griffincasey2078@protonmail.ci,"27.9125552128, -58.7898077184",Ap #451-8899 Donec Rd.,08 84 50 73 22,03/03/1975
10/28/1965,"-57.640502784, 11.1073923072",08 64 80 79 78,briancrane1647@protonmail.ci,Brian Crane,Ap #767-520 Et Avenue,69
Ap #393-8683 Dictum Road,59,"32.2432425984, 130.0784238592",03 54 80 27 21,Walter Carter,08/19/1952,waltercarter@protonmail.ci
95,09 56 14 53 01,05/11/1961,Macy Allison,630-7448 Elit Av.,"-48.348892672, 83.6740791296",macyallison9680@aol.gh
3214 Erat Rd.,53,02/20/1994,irisglenn7572@google.ci,02 57 05 10 24,Iris Glenn,"42.0695307264, 138.9567039488"
"50.7647230976, -138.0602409984",08 32 98 64 31,Myles Ashley,mylesashley720@google.ca,07/16/1977,100,"Ap #269-7016 Vestibulum, Avenue"
08/18/1984,2,Ap #652-255 Vehicula Ave,02 21 23 83 21,denisenorton@outlook.sn,"81.5856986112, -154.3422896128",Denise Norton
02 54 41 79 99,xandertanner@aol.net,Ap #215-2690 Adipiscing St.,09/22/1994,"52.3215331328, -102.0492152832",23,Xander Tanner
kimhoward@icloud.gh,08 65 58 09 76,"-45.5844907008, 87.934472192",Kim Howard,09/22/1992,719-6082 Ipsum St.,76
Ap #279-6291 Euismod Ave,08/23/1971,alikaclayton@google.gh,Alika Clayton,"81.0825444352, 145.5202531328",66,04 71 73 29 64
11/17/1979,07 61 81 30 79,sydneymoore@yahoo.edu,75,612-2629 Pellentesque Avenue,"-26.736274432, 49.7445966848",Sydney Moore
Cade Grant,06 35 46 42 34,54,"-71.039059456, -111.9381721088",cadegrant7794@protonmail.ca,02/17/2000,6386 Dignissim Rd.
Kirestin Evans,07 24 47 30 63,57,"-6.6853445632, 124.655154176",kirestinevans7410@yahoo.sa,07/01/1985,"P.O. Box 640, 1164 Vivamus Rd."
Joseph Joyner,"-66.5482115072, 10.4242441216",03 44 08 73 88,4672 Aliquet Road,10/12/1986,josephjoyner@google.net,48
06 19 64 84 24,Ivan Barker,07/21/1989,Ap #852-1029 Aliquet St.,"40.3644803072, -120.3104175104",ivanbarker@outlook.couk,48
04 25 57 59 82,51,11/29/1970,mageebarry@aol.gh,Magee Barry,"-9.51158784, 156.9609711616",698-4985 Morbi Avenue
Maxine Vincent,"28.67333376, -80.137667584",maxinevincent9222@protonmail.ca,03 13 60 34 22,Ap #678-3751 Fusce St.,09/17/1967,68
05 91 56 10 66,"4064 Eu, Road",Chancellor Keller,61,03/23/1995,"-16.4469295104, 166.4659531776",chancellorkeller2291@hotmail.ci
07 86 17 16 36,04/11/1990,49,Ap #489-3913 In Street,Jack Randall,"-85.837112832, -96.5185496064",jackrandall@icloud.sn
08 85 33 64 42,Raven Petty,ravenpetty@yahoo.ci,41,10/19/1954,"60.5890612224, 140.5809713152",Ap #234-9735 Risus. Ave
"-25.768616448, 46.106962432",Kitra Ewing,631-5917 Luctus Road,09/23/1995,kitraewing@hotmail.com,03 10 30 54 53,27
41,08 34 01 94 73,08/31/1965,"P.O. Box 393, 5983 Mauris Avenue","-58.8800379904, 155.2836987904",garyblackwell7032@icloud.couk,Gary Blackwell
216-2226 Tempus Av.,08/20/1953,33,portiameyer4895@yahoo.gh,"-11.4438555648, 136.9199199232",Portia Meyer,01 16 89 89 67
macaulaycharles7662@aol.com,11/03/1993,Ap #446-5517 Blandit Street,04 27 55 54 91,Macaulay Charles,"-70.562705408, 99.36877312",6
Liberty Mcdonald,libertymcdonald4159@google.gh,12/28/1957,13,02 50 76 73 22,"0.40392704, 75.660951552","P.O. Box 824, 5224 Vel Rd."
devingilliam@icloud.ca,99,"62.7281983488, 171.2296735744","P.O. Box 790, 7574 Aliquet. Rd.",04 34 31 11 16,09/04/1976,Devin Gilliam
Aileen Ewing,61,aileenewing2363@protonmail.gh,07/26/1953,"1.9110982656, 47.403639296",03 51 70 56 24,Ap #912-4929 Feugiat. Ave
07/12/1965,63,Eve Bauer,03 46 42 49 84,evebauer@outlook.org,Ap #399-685 Integer Ave,"-41.8655833088, 96.9660672"
Alexis Hurst,alexishurst3609@aol.ca,04/10/1992,"-28.5345444864, -141.0790214656",07 82 95 22 20,809-1238 Dui Av.,40
"P.O. Box 309, 2933 A, St.",ingridgoodwin5254@hotmail.gh,"62.5496845312, -39.10632192",20,Ingrid Goodwin,08 73 50 61 10,12/25/1959
Portia Collins,Ap #172-3019 Eu Rd.,03 47 17 97 18,"-78.97653504, 62.1933366272",portiacollins@icloud.sn,10,08/13/2000
02 52 62 94 57,07/31/1995,garethaguirre@outlook.gh,Ap #291-6166 Ultricies St.,80,"5.201750528, 113.5438291968",Gareth Aguirre
281-3976 Vel Ave,"40.24864768, 132.8428910592",05 47 03 58 51,03/06/1959,29,Eugenia Little,eugenialittle@protonmail.couk
"-61.5399318528, 165.0885921792",levdavid@outlook.edu,703-8698 Nulla. Rd.,04/10/1954,Lev David,61,05 24 08 40 65
96,07/05/1965,Brock Ortega,Ap #839-2492 Nullam Road,07 18 50 12 44,"-4.4957118464, 29.8430772224",brockortega8332@aol.net
Graiden Silva,12/04/1984,"P.O. Box 984, 6664 In Av.",08 72 91 27 85,graidensilva805@google.edu,"61.5222623232, 73.717015552",26
minervahardy@protonmail.gh,02 54 36 34 87,245-3248 Neque St.,"-27.0753501184, -111.7782554624",02/01/1976,Minerva Hardy,53
06/13/1976,thomasknight1604@yahoo.edu,24,Thomas Knight,"-70.62311168, 7.2515636224",02 32 18 64 42,5736 Facilisis Ave
"Ap #355-5649 Pede, Street",brandonross8874@outlook.net,03 10 28 36 15,Brandon Ross,"-53.3472347136, -120.5694319616",2,10/30/1966
Emerald Rosario,"29.3344771072, 150.4654201856",11/04/1983,79,01 35 82 47 45,emeraldrosario@google.com,6710 Morbi St.
Gay Le,70,04 80 70 21 31,Ap #736-6846 Ornare St.,gayle9308@google.couk,01/15/1971,"-50.5925885952, -26.8395677696"
"68.428488704, -151.1053304832",329-702 Dapibus Ave,20,05 56 69 82 84,09/15/1966,Nero Rowland,nerorowland@protonmail.ci
70,"40.7488982016, -86.016085504",136-3476 Mattis Av.,06 74 25 13 63,Chase Brooks,06/30/1980,chasebrooks4898@aol.gh
gavinhobbs@hotmail.net,Gavin Hobbs,Ap #264-862 Faucibus Street,"70.054859776, 43.92892928",02 39 84 57 06,13,12/15/1946
gannonnolan9647@yahoo.ca,08/31/1964,94,Gannon Nolan,06 63 96 21 10,"-21.5663312896, 109.33212672",Ap #728-1709 Cum Road
08/13/1978,"75.0949274624, 172.8935136256",scarlettfischer5516@aol.com,13,06 39 25 77 08,"P.O. Box 448, 1755 Quis Ave",Scarlett Fischer
Gillian Bradshaw,09/15/1975,gillianbradshaw@yahoo.org,02 68 43 21 89,1190 Libero. Ave,29,"30.7268228096, -66.9463918592"
28,09/12/1958,03 68 65 43 47,Ap #807-1187 Turpis St.,kyleebaxter4865@protonmail.ci,Kylee Baxter,"-3.7474642944, 78.161742848"
Iona Freeman,208-7917 Eget Street,09 17 73 68 81,ionafreeman2213@hotmail.edu,01/06/1955,"-48.5343582208, 133.4944149504",33
"10.2235597824, -154.3246396416",lukevang@google.couk,07/16/1972,49,Luke Vang,08 76 39 47 39,"Ap #816-6922 Adipiscing, Rd."
Britanni Clarke,britanniclarke@outlook.org,04/15/1983,02 36 17 65 58,56,"80.903973376, 17.2624150528",Ap #218-8844 Cum Road
09/18/1984,Jenette Solis,"-78.4333827072, -168.1517780992",jenettesolis7445@protonmail.ci,4,04 77 39 01 21,Ap #340-9516 Non Road
Xandra Roberts,02/28/1956,13,"45.9500351488, -116.9935842304",04 54 85 12 79,xandraroberts3475@icloud.sa,846-8923 Risus Avenue
"43.4905522176, 126.4980544512",Amena Mcclain,10/04/1969,07 35 02 44 73,56,653-1832 Dictum. St.,amenamcclain@protonmail.edu
04/30/1971,05 44 32 33 53,27,nathanielcherry@icloud.net,"4025 Non, Road",Nathaniel Cherry,"-40.9753962496, -160.0604336128"
12/17/1946,"P.O. Box 505, 5556 Lorem. Rd.",vedastephenson@hotmail.couk,Veda Stephenson,"59.010177536, 56.2804896768",03 90 85 32 78,55
"60.4828836864, -43.7130924032","P.O. Box 546, 1224 Vitae Av.",87,jarrodkemp@protonmail.ci,07 04 47 46 58,06/03/1971,Jarrod Kemp
Ap #822-7603 Torquent Av.,florencesuarez4445@yahoo.sa,"-73.3027847168, 70.3278109696",10,Florence Suarez,04/01/1946,06 37 54 57 11
inezthornton975@outlook.ci,48,Inez Thornton,Ap #234-4555 Ligula. St.,08 87 73 36 10,09/15/1994,"-19.0708332544, -78.4436435968"
837-3775 Nulla. St.,36,08/16/1972,02 88 40 77 00,aladdindavid3808@aol.sn,"-50.5875117056, -114.7234281472",Aladdin David
06 03 13 56 62,"-71.9802532864, -128.5189215232",Ap #132-8516 Feugiat Street,laurastevens5915@google.ca,04/30/1979,81,Laura Stevens
"-54.7003899904, -151.721448448",Ap #634-2739 Amet Avenue,01 88 75 47 22,09/14/1966,Medge Elliott,medgeelliott5393@protonmail.ca,77
"-48.2155370496, 67.356684288",10,Amela Snyder,"240-2966 Sed, Road",10/17/1999,amelasnyder@yahoo.sa,02 90 36 05 17
05/10/1969,02 34 57 11 39,3230 Nunc Street,"84.3251192832, 6.2685955072",Walter Hardin,49,walterhardin4054@google.sa
48,07 16 26 83 17,878-8925 At Rd.,"-65.7825854464, -165.2897498112",02/01/1947,kaitlinwhitley@hotmail.couk,Kaitlin Whitley
Ap #889-4636 Enim. Ave,Rebecca Harrison,"24.2519876608, -70.1767630848",05 37 88 59 45,rebeccaharrison3424@google.org,10,02/14/2000
07 67 52 62 18,"P.O. Box 182, 6272 Convallis Rd.",12/26/1965,10,"-30.2276217856, -149.4499802112",kevynbolton@yahoo.ca,Kevyn Bolton
edwardmccarthy493@google.ci,799-7749 Amet Rd.,12/10/1955,Edward Mccarthy,"-81.3265020928, 37.3782998016",94,04 86 02 37 61
07/03/1960,Ap #432-3938 Malesuada Rd.,33,edwardrichards8795@outlook.ci,"4.0095822848, -75.7129097216",03 84 81 37 11,Edward Richards
Ap #631-9603 Dolor Rd.,02/06/1960,56,"-30.5512704, 106.3113426944",Edward Everett,07 66 04 47 64,edwardeverett8937@aol.com
09/06/1944,Uriah Gill,26,"-55.8269687808, 20.090623488",1114 Ullamcorper Rd.,uriahgill@outlook.com,03 94 62 93 88
Graham Snider,05 55 33 55 68,Ap #801-8417 Egestas Rd.,"75.6529354752, 104.2436322304",grahamsnider@google.com,100,09/06/1951
sybillchandler@icloud.sa,04/26/1999,45,"1.8842118144, -119.8195817472",Ap #445-2928 Varius St.,Sybill Chandler,04 79 64 44 13
80,nashvalencia@protonmail.ca,"198-5906 Dolor, Street",Nash Valencia,04 45 01 28 15,05/08/1962,"-7.5294142464, 105.8237277184"
08 06 22 41 86,Ap #871-4458 Tellus. Avenue,01/05/1945,20,"67.3977409536, 171.3159053312",Allegra Huff,allegrahuff7290@google.sn
Vielka Morgan,"-16.4129883136, -5.6350457856",07/13/1984,Ap #291-4508 Ac Rd.,1,vielkamorgan@hotmail.ci,03 82 63 53 50
"-65.6663733248, 72.6782906368",11/06/1950,56,07 40 35 46 61,458-7879 Morbi Rd.,jeanetterandolph@google.couk,Jeanette Randolph
14,Lucius Brown,9344 Aenean St.,"70.8792070144, -94.9346028544",03 15 85 98 97,luciusbrown@icloud.sn,11/22/1962
90,quonhoover@google.org,"26.7789923328, -73.3819419648",Ap #775-1174 Lacus. Rd.,07 79 54 02 92,Quon Hoover,11/27/1968
76,Ap #666-6465 Ac Rd.,09/27/1944,07 43 46 52 73,kylafrank@hotmail.edu,Kyla Frank,"-9.7795352576, -11.821190144"
503-4257 Adipiscing Av.,"77.5579172864, 66.5755697152",09/21/1950,hashimclarke@google.gh,79,Hashim Clarke,05 31 52 72 59
isadoraruiz302@yahoo.sn,08 66 75 53 56,Isadora Ruiz,Ap #366-1258 In Av.,04/28/1952,8,"6.5458727936, 172.393721344"
"-85.767850496, -142.9573244928",01/10/1967,serenahendrix969@aol.org,44,"863-3539 Sed, Ave",04 60 55 79 14,Serena Hendrix
33,07 54 42 36 26,"52.783831552, 139.9829091328",Cooper Smith,coopersmith6119@hotmail.net,Ap #606-7981 Molestie. Road,04/24/1992
"49.752615424, 70.7044711424",keikoowens@hotmail.edu,90,Keiko Owens,11/18/1983,06 36 48 47 38,690-1746 Nisi. St.
"49.757801984, 177.378262528",camillalindsey9226@yahoo.sa,72,08 44 56 43 38,Camilla Lindsey,Ap #525-9866 Id Street,07/10/1977
2,"Ap #678-8414 Montes, St.",gilleach6929@hotmail.sa,12/23/1963,"-42.043165184, -128.825742848",Gil Leach,07 25 82 91 73
"-56.6174345216, 141.3027592192",Hiroko Carver,04 71 21 45 88,959-7246 Et Street,07/14/1953,79,hirokocarver277@aol.ca
08 55 77 54 39,563-962 Diam. St.,"51.2950590464, 160.485529088",Yetta Murray,05/08/1993,yettamurray5958@hotmail.sn,18
quamarmyers2312@aol.ca,93,"55.9003677696, 63.6449818624",Quamar Myers,03/26/1998,"730-4531 Et, Ave",04 86 96 87 21
03/02/1970,1033 Imperdiet St.,zephsosa7634@hotmail.ca,85,Zeph Sosa,04 66 86 11 76,"37.3358526464, -83.7214267392"
malachimcmillan@aol.ci,Malachi Mcmillan,Ap #122-9272 Metus. St.,"23.408653312, 53.8562363392",08 78 51 13 64,01/21/1968,10
79,05/23/1948,09 77 60 74 65,Martena Le,martenale@outlook.ca,1540 Volutpat. Street,"-2.6314727424, -4.64594432"
Stewart Gomez,"-31.47271168, 4.6558287872",1288 Lobortis St.,02/23/1988,05 25 40 93 61,3,stewartgomez443@outlook.gh
nehruspence9969@google.gh,23,10/23/1945,04 33 52 46 44,"P.O. Box 137, 1810 Fusce Rd.",Nehru Spence,"55.6457331712, -141.2233109504"
"P.O. Box 189, 8847 Nec, Rd.",14,stonepatterson@protonmail.com,"-81.1184797696, -131.6019970048",04 34 23 84 22,11/14/1984,Stone Patterson
"-61.6522044416, -18.6196600832",Steel Savage,steelsavage@yahoo.sn,516-9955 Bibendum St.,01/31/1959,10,04 24 79 71 99
"P.O. Box 660, 2282 Eu Ave","-17.2411700224, -157.796154368",62,Emery Tanner,emerytanner1003@hotmail.net,01/26/1955,08 86 50 68 06
30,08/06/1969,myrajordan@icloud.net,"Ap #958-2039 Vel, Avenue",Myra Jordan,08 80 64 46 34,"-41.2216863744, -141.1876924416"
09 16 71 24 18,rogankirkland@protonmail.couk,"P.O. Box 656, 2616 Nullam Avenue",09/26/1964,3,Rogan Kirkland,"81.3822700544, -80.277070336"
"-44.1700611072, -152.048546304","5129 Ante, Rd.",02 50 59 25 81,11/16/1948,75,christopherweaver@icloud.com,Christopher Weaver
10/29/1998,tylerholloway8055@protonmail.ca,Ap #751-2654 Morbi Rd.,03 70 84 31 84,"80.4614559744, 124.4267846656",Tyler Holloway,79
Zachary Bryant,02/14/1994,zacharybryant7817@icloud.org,54,"44.2621689856, 170.7559757824",Ap #350-7305 Et Ave,04 54 20 65 85
553-6119 Convallis Avenue,05 73 26 34 96,64,Hilel Cummings,"20.7630840832, -125.8250744832",hilelcummings7735@icloud.edu,08/02/1959
Minerva Hester,10/25/1950,01 42 34 63 98,903-3607 Facilisis Road,"-46.1799676928, -63.5283012608",34,minervahester@icloud.com
Aristotle Pierce,"P.O. Box 646, 977 Consequat St.",aristotlepierce7702@hotmail.sn,06/18/1980,"56.5193096192, 131.410962944",50,01 66 39 44 87
09/10/1967,30,05 86 54 70 21,gracefarley@outlook.sn,"82.7142398976, 110.0135665664","P.O. Box 638, 565 Gravida Ave",Grace Farley
10/29/1949,"P.O. Box 642, 7144 Dictum Av.",tylercalhoun5358@hotmail.edu,Tyler Calhoun,"-56.8403846144, 94.3586596864",77,03 14 44 87 50
10,gregorygriffith6452@yahoo.net,Gregory Griffith,Ap #136-4105 Mauris Rd.,"17.4050572288, -174.8882956288",03/23/1960,02 46 05 37 61
Ap #118-8443 Ornare Ave,"-63.3847887872, -90.254354944",vanceweeks@hotmail.net,04 58 49 29 64,07/19/1970,43,Vance Weeks
07/02/1977,"35.0951958528, 5.1898406912",lucianmontoya@outlook.sa,04 15 73 22 14,Ap #600-1554 Aliquet Road,71,Lucian Montoya
"-59.2181732352, 88.0244388864",09/18/1945,Rigel Payne,"3610 A, Avenue",61,rigelpayne2021@icloud.couk,01 86 78 52 13
vivienpate1266@protonmail.ca,06/22/1965,Vivien Pate,"72.9347658752, 27.2318797824",7646 Neque Rd.,32,06 83 17 42 14
02 18 87 93 16,07/11/1979,Cynthia Cline,"-3.1315528704, 141.6498633728",cynthiacline@protonmail.sn,46,355-5557 Malesuada Road
6,03 13 66 86 29,Declan Livingston,declanlivingston5753@aol.net,"84.215192064, 44.9389121536",792-9485 In Rd.,09/01/1962
70,"67.7542848512, -99.6976113664",malachibutler@protonmail.com,Malachi Butler,4990 Vitae Road,08/10/1963,04 78 70 19 33
"P.O. Box 418, 9939 Luctus Ave",Aristotle Gilbert,aristotlegilbert@outlook.com,"-51.2292709376, -119.3884215296",55,07/13/1983,02 74 78 35 15
Pascale Weaver,pascaleweaver@aol.sa,506-5680 Tincidunt Road,04 35 53 53 44,"-72.7445430272, -135.8350303232",06/25/1969,53
Kenneth Collins,"-48.1173869568, -18.59168512",07/20/1968,04 43 01 53 76,43,Ap #237-9931 Euismod St.,kennethcollins@aol.org
04/27/1953,Timothy Matthews,timothymatthews@google.gh,04 27 52 22 62,50,735-4177 Scelerisque St.,"54.5017257984, -130.7851288576"
11/28/1986,rigelaguilar@yahoo.org,89,"-64.3942638592, 32.2942927872",05 31 76 84 37,"151-2030 Felis, St.",Rigel Aguilar
maconfoley6347@yahoo.couk,"-13.616183296, -93.719053312",02 67 70 43 79,70,Macon Foley,08/28/1956,"9681 Consequat, Rd."
Keelie Carver,"-42.183056384, -51.48012544",keeliecarver45@protonmail.sn,04 11 57 69 85,79,"660-4316 Augue, St.",10/28/1984
Joan Marshall,05/13/2000,04 25 78 41 45,87,joanmarshall814@yahoo.ci,"-76.0281146368, 51.125346816","549-4421 Vel, St."
loganburgess@yahoo.sn,"6.1832909824, 135.595742208",Ap #603-1804 Sed Av.,Logan Burgess,09/03/1973,04 31 86 29 54,40
mackenziewarner@outlook.sa,75,"-84.362439168, -133.441452544",08/20/1965,06 08 64 60 07,MacKenzie Warner,344-1508 Ultricies Av.
01/31/1988,Matthew Gentry,"-80.2716034048, 40.8517039104",matthewgentry@protonmail.net,71,Ap #243-753 Morbi Rd.,07 38 46 48 74
Karleigh Davidson,"37.5803907072, 87.9702153216",03 24 65 43 99,05/20/1983,65,"P.O. Box 518, 4038 Et Street",karleighdavidson5706@hotmail.couk
Ap #236-3176 Pede Av.,Callie Avery,10/05/1966,"79.2886944768, -77.4320687104",08 33 18 69 62,82,callieavery6905@icloud.ci
Petra Contreras,11/25/1977,57,petracontreras@protonmail.ci,"-27.5625540608, -151.6221421568",735-1685 Lobortis Street,02 68 30 13 24
58,04/09/1962,noellecarson2645@hotmail.ca,128-7934 Sit Rd.,"-27.5112015872, -92.9041481728",Noelle Carson,05 21 94 23 85
05 07 76 52 47,"Ap #902-6798 Risus, Av.",06/03/1947,Signe Mccarthy,7,"-0.6339218432, 15.6426339328",signemccarthy@yahoo.net
Ap #132-6798 Justo St.,jesciewade@protonmail.sa,58,"30.9641578496, 134.476302848",04 54 11 36 27,Jescie Wade,01/12/1957
2317 Neque Rd.,05 30 44 64 86,Xavier Houston,xavierhouston9978@aol.sa,"66.6606977024, 14.5919698944",06/24/1968,98
01/09/1977,"Ap #109-4342 Congue, Avenue",06 52 49 34 50,3,"-55.6016480256, -26.310331392",holleepate@outlook.gh,Hollee Pate
"-72.2444142592, 18.6007535616",02 19 82 12 45,loisbruce9738@icloud.gh,16,09/21/1982,Lois Bruce,Ap #558-2610 Tortor. Av.
04 74 19 56 41,7,Ap #922-5437 Tristique Rd.,06/02/1962,"80.8032502784, 132.3356279808",teaganfrank@icloud.ca,Teagan Frank
Amela Curtis,78,"P.O. Box 779, 9091 Faucibus. Ave",07/27/1956,"6.5279526912, -39.03776256",amelacurtis5321@yahoo.ca,05 95 98 38 45
12/17/1966,04 22 30 34 92,5,"P.O. Box 251, 2397 Imperdiet Street","-76.9390797824, 112.7797501952",Alan Ayala,alanayala1619@icloud.ca
Lilah Alexander,lilahalexander@protonmail.gh,03 72 20 35 21,11/17/1999,"48.4622388224, -88.2748745728",Ap #431-1831 Eros. St.,53
melissabauer3708@protonmail.com,11/01/1952,"443-574 Eu, Av.",Melissa Bauer,03 84 43 55 35,60,"62.1173293056, -113.3718805504"
476-7460 Sed Ave,03/20/1985,04 46 38 58 27,Scarlett Baldwin,"-62.1979848704, -172.8515028992",scarlettbaldwin@yahoo.ci,45
07 63 73 91 45,ivanahendricks@outlook.sa,07/08/1968,"P.O. Box 826, 7504 Lobortis Rd.",94,Ivana Hendricks,"82.8901900288, 90.4456840192"
66,04 77 18 38 20,06/27/1998,laviniabenton@hotmail.gh,"-52.6448106496, 86.483099648",Ap #326-4129 Ante Avenue,Lavinia Benton
"P.O. Box 372, 3688 Velit Ave","-86.0682559488, -26.0730528768",03 20 51 44 36,37,05/28/1970,dominiquereyes@protonmail.couk,Dominique Reyes
"Ap #982-7777 At, Road",Fay Snider,faysnider@google.net,"-80.1872478208, 138.38947584",43,03 22 26 58 51,10/13/1989
09/10/1962,04 65 41 64 63,"-38.9632347136, 115.6717216768",zeusrojas3133@google.com,Zeus Rojas,30,127-8956 Semper Ave
Ap #327-9124 Quisque Avenue,40,06/28/1979,toddmoses2105@google.gh,Todd Moses,06 01 14 55 66,"49.9113040896, -25.9637199872"
"-36.5033218048, -115.1185200128",aspenmorris9472@protonmail.ci,Ap #549-4942 Dolor Street,05/15/1959,Aspen Morris,08 38 17 68 34,82
84,Virginia Mendoza,virginiamendoza7710@yahoo.com,01/23/1967,"53.5807335424, -109.4072370176",07 76 11 96 53,Ap #341-1990 Sit Road
nicolebryant6787@google.com,79,Nicole Bryant,11/09/1948,05 12 46 11 88,"P.O. Box 592, 9228 Aenean St.","-45.9748917248, -141.8565377024"
71,williamknight7351@protonmail.ca,"63.4072923136, 37.3225460736","Ap #675-3376 Vel, Rd.",07 55 75 28 73,01/03/1953,William Knight
11/05/1950,Ap #331-6371 Integer Street,evanfrancis@google.edu,"-77.1790340096, 106.0962266112",05 59 10 08 82,Evan Francis,89
03 56 67 46 97,Lamar Copeland,"-75.1589127168, -5.536996352",34,415-1265 Posuere Street,02/13/1986,lamarcopeland3589@yahoo.edu
744-4360 Mauris Ave,jackburt8399@yahoo.ca,01/22/1977,"70.171470336, 110.7895366656",79,Jack Burt,09 36 82 97 24
76,04 91 28 74 08,12/24/1995,Sara Lowe,saralowe@outlook.couk,"44.3851211776, 163.1203869696",753-1498 Porttitor Rd.
phillipsimon1374@outlook.org,02/12/1981,Phillip Simon,"P.O. Box 984, 8890 Eget Street",06 14 72 59 84,21,"40.1968279552, -17.943410688"
9381 Quis Road,77,06 03 40 29 41,Marcia Christensen,marciachristensen@icloud.org,"-27.3466534912, -148.5158342656",07/15/1999
01/20/1957,"-29.1061069824, 100.4248035328",Salvador Cote,17,341-5855 Aliquet. Rd.,04 09 14 39 84,salvadorcote7619@icloud.com
46,maggypearson9444@google.sn,02/24/1966,Ap #288-6709 Diam. Rd.,Maggy Pearson,"-8.350598656, 151.3400751104",08 45 67 34 49
Cain Marquez,03/31/1952,Ap #995-2534 Eu Rd.,07 55 43 78 52,"50.8022047744, -137.6669637632",79,cainmarquez7359@icloud.couk
02/16/1996,371-3571 Blandit Rd.,"65.8338770944, 129.8842817536",Byron Rowe,26,03 33 19 95 32,byronrowe@outlook.gh
08/28/1947,36,01 92 49 13 39,"-88.2964107264, 99.628276224",Abdul Warren,abdulwarren2462@protonmail.sa,Ap #750-1963 Amet St.
"59.34233088, -83.977632256",84,03 13 63 52 21,745-6601 In Av.,Noel Myers,noelmyers@hotmail.couk,08/22/1987
bradysutton@outlook.sn,46,"P.O. Box 505, 472 Feugiat Rd.",11/12/1971,08 38 56 98 91,Brady Sutton,"-68.2321882112, 25.3930857472"
05/21/1991,"P.O. Box 138, 8323 Cubilia Av.","18.9721244672, 71.9857577984",06 06 96 03 36,dawnvazquez8570@google.ci,28,Dawn Vazquez
01 38 88 71 85,mackenziemcintosh5847@hotmail.gh,"-50.0667557888, 10.0889704448",07/20/1971,45,MacKenzie Mcintosh,"P.O. Box 739, 2720 Sit Av."
78,"40.9011774464, 14.4394990592",Tyler Hicks,220-1523 Etiam Av.,05 52 07 37 87,04/13/1955,tylerhicks465@icloud.org
"P.O. Box 425, 4577 Elementum Rd.",59,"5.4258238464, -148.971257344",bertjustice@hotmail.couk,04 17 08 14 98,02/13/1948,Bert Justice
101,"-60.562225664, -29.7978258432",Vance Bowman,03 10 32 41 78,Ap #865-6762 Velit. Rd.,vancebowman2483@protonmail.sn,11/10/1947
"33.8585747456, 174.4615667712",Brianna Good,11/10/1951,"P.O. Box 747, 1629 Neque Rd.",46,briannagood9357@hotmail.sa,05 45 33 16 73
"-44.185615872, 31.621620736",69,Herman Scott,Ap #746-1523 Proin St.,10/17/1966,07 65 69 77 28,hermanscott@icloud.org
09 71 31 74 23,12,"P.O. Box 365, 119 Erat Av.",02/05/1968,"-2.3642133504, 43.4231810048",kitraburns@protonmail.org,Kitra Burns
08/04/1951,07 06 40 09 07,Abdul Norman,7,abdulnorman6888@yahoo.org,"28.7523642368, 99.0582249472","P.O. Box 716, 9118 Lorem Rd."
Kelsie Wall,kelsiewall3195@protonmail.couk,04/07/1965,"-74.2267554816, 94.9676260352",345-3936 Ornare Rd.,04 47 18 02 57,11
12/16/1955,07 66 25 92 78,"60.29859072, -92.0548228096",459 Morbi St.,Clarke Steele,clarkesteele@yahoo.gh,25
12/12/1944,Ap #632-5777 Interdum Street,02 03 91 80 13,sukibattle@outlook.sa,12,"-45.8994233344, 79.0915940352",Suki Battle
158-6820 Quisque Avenue,"-70.2800001024, 109.9895559168",lucywarner@aol.gh,03/31/1981,80,08 71 36 73 64,Lucy Warner
"84.995795456, -160.5581804544","Ap #653-9965 Ornare, St.",Jade Medina,jademedina4086@aol.gh,98,07/31/1992,09 57 68 82 44
"318-2350 Eu, Avenue",52,Noah Hoffman,08 44 35 62 57,noahhoffman7161@yahoo.ci,09/24/1972,"-27.9152581632, 165.8319122432"
10,647-8625 Eleifend Street,10/01/1995,kiayadahendrix@icloud.com,03 47 72 81 35,"74.3505820672, -36.863187456",Kiayada Hendrix
60,05 16 45 72 26,yulirodriguez9642@protonmail.couk,"89.3572456448, 19.7607109632",882-8477 Sed Rd.,06/05/1983,Yuli Rodriguez
"3.5483254784, 132.611496448",coltvazquez7832@aol.couk,03 20 14 28 62,Colt Vazquez,01/21/1970,"Ap #295-8438 Eget, Ave",8
coltonreyes@protonmail.com,Colton Reyes,07/24/1954,Ap #304-3950 Nulla Ave,82,02 72 08 27 94,"30.0122225664, 141.204724736"
08/21/1955,06 75 38 31 57,"2.2854738944, -41.36747264",gisellenorris@aol.com,821-5152 Ullamcorper Road,16,Giselle Norris
Rachel Floyd,rachelfloyd@yahoo.sn,488-3378 Ante Street,68,03/22/1953,"-70.7681970176, 0.299290624",05 42 64 36 68
eleanorsimmons1289@outlook.edu,869-4409 Nulla. Street,50,Eleanor Simmons,05/18/1967,05 46 26 47 08,"56.2393854976, -73.7429372928"
06 92 54 92 76,Marsden Patterson,12/22/1992,"Ap #910-3130 Ante, Road",marsdenpatterson@hotmail.sa,16,"-16.7629282304, -119.9263699968"
03/09/1993,Audrey Joyce,07 85 90 53 84,audreyjoyce@outlook.net,Ap #380-8798 Eros Rd.,86,"0.3398629376, -50.643026944"
98,myragriffith@aol.sn,"-47.3213360128, 89.3646317568",08 94 99 78 88,Myra Griffith,Ap #272-5700 Quis St.,11/20/1957
Ap #493-2129 Ut Rd.,4,"83.6225321984, -21.824331264",Jonas Durham,06/20/1981,04 45 52 37 01,jonasdurham@google.couk
10/01/1968,05 42 41 52 27,"47.120860672, -47.9638223872","Ap #653-7586 Nec, Rd.",Cameron Marshall,cameronmarshall@google.gh,28
brendenbailey799@protonmail.org,51,06 85 25 40 22,"-22.0085122048, 9.2161874944",06/20/1970,341-9608 Vestibulum St.,Brenden Bailey
chavahawkins@outlook.edu,63,01 12 83 60 79,08/17/1992,Ap #498-4659 Dolor. Road,"20.8888824832, 58.4661783552",Chava Hawkins
47,04 15 80 03 03,235-466 Faucibus St.,mailehenry5932@protonmail.ca,Maile Henry,"20.63637248, 166.3800327168",05/22/1963
Brielle Bailey,60,"P.O. Box 380, 6841 Elit. Street","-6.1429214208, 24.2315080704",07 52 62 26 53,briellebailey7605@yahoo.sn,12/04/1955
98,Lucian Meyers,lucianmeyers@aol.ca,"-50.4692201472, 145.109065728","Ap #438-1975 Tempus, St.",06 76 16 27 89,07/14/1974
ardengillespie9843@icloud.edu,80,06 14 21 21 85,"Ap #572-8650 At, St.",Arden Gillespie,"-12.7798526976, -15.3451538432",05/11/1981
"-8.3472828416, 173.7448731648",98,"Ap #843-3945 Ac, Ave",alinejacobs80@aol.com,06 93 23 35 91,03/16/1970,Aline Jacobs
05 35 72 82 54,02/06/1993,68,Brandon Odom,Ap #247-3400 Sed Ave,brandonodom5357@outlook.gh,"56.6131146752, -4.3211313152"
78,"778-3368 Id, Avenue",brendamcintyre2009@protonmail.com,11/18/1953,Brenda Mcintyre,06 76 97 48 32,"-59.6109896704, -111.2344091648"
Ap #477-4083 Ligula. Ave,11/13/1985,2,05 36 46 69 91,lawrencehurley578@aol.ci,Lawrence Hurley,"72.3032352768, -94.9635493888"
"-78.9474571264, -36.8758105088",abrahamrivera@yahoo.gh,57,06/06/1990,Ap #385-9529 In St.,03 11 68 21 79,Abraham Rivera
"68.7963983872, 131.9832809472",03/07/1988,53,Otto Chaney,ottochaney@protonmail.sa,Ap #973-5810 Gravida Av.,07 24 11 10 34
49,Mechelle Benjamin,"0.5075756032, 73.7874803712",07 46 52 20 04,10/13/1949,"610-1091 Id, Road",mechellebenjamin2499@icloud.sa
Ap #140-8084 Pede Avenue,"-64.0268169216, -87.0389776384",59,08/26/1991,06 57 79 85 13,giacomoalvarez@aol.ci,Giacomo Alvarez
"68.80729856, -139.8018515968",67,Ap #551-8144 Luctus Ave,07/11/1968,Bertha Morton,berthamorton@google.ci,02 06 11 66 26
Oren Pratt,orenpratt@hotmail.edu,59,05 22 45 16 12,"75.2855963648, 116.0182490112",8889 Gravida Ave,07/21/1991
05 20 76 23 10,11/12/1968,Montana Duran,montanaduran5936@outlook.sn,95,142-5775 Volutpat Road,"34.4179245056, 58.9774329856"
360-7229 Sapien. Ave,Dahlia Parrish,"58.8742258688, 30.6440421376",12/20/1980,05 45 22 96 72,58,dahliaparrish5526@icloud.ca
"16.7041287168, 64.2597492736",04/16/1966,"P.O. Box 910, 7157 Ullamcorper. Ave",26,Drew York,drewyork2484@icloud.sn,02 38 80 42 32
262-4477 Eleifend Street,03/22/1967,04 52 30 05 37,Lucius Diaz,luciusdiaz3162@google.edu,"-8.6469851136, 85.708525056",73
Colorado Mann,"0.8872383488, -34.197763584",02 87 81 10 01,43,Ap #475-1915 Eu St.,07/16/1962,coloradomann2144@google.sn
eagansolis6133@google.couk,Eagan Solis,"7.2410894336, 150.0140993536",08 59 96 22 48,"468-4174 A, Street",48,10/28/1951
06/13/1969,04 76 26 26 81,82,Hanae Riddle,Ap #990-4106 Maecenas Ave,"-55.0942185472, -50.8166383616",hanaeriddle@aol.net
06 43 05 26 81,621 Sit Av.,08/21/1993,Zahir Rosales,zahirrosales7615@icloud.couk,"2.0441631744, 93.6625718272",14
04 83 12 61 88,Bradley Martin,82,06/23/1946,"P.O. Box 364, 8418 Non Rd.",bradleymartin@protonmail.com,"50.20293888, -117.011854848"
Lucian Cain,67,03 87 77 88 42,"P.O. Box 444, 4485 Phasellus Road",03/14/1981,"-15.3541766144, -13.7327302656",luciancain2100@hotmail.sn
Sylvester Mcintyre,31,sylvestermcintyre@icloud.com,03 24 26 73 10,Ap #325-7482 Varius Road,"-10.939906048, -108.3128697856",12/18/1956
vaughankelly@protonmail.ca,Vaughan Kelly,07 17 37 37 38,199-6145 A Road,"-6.20585472, 114.4149505024",10/22/1954,62
22,07 57 87 69 88,03/26/1948,Ray Horne,rayhorne@yahoo.gh,Ap #132-673 Nunc St.,"57.3258333184, 87.5584063488"
07 91 24 77 29,Isabella Cohen,Ap #265-4897 Luctus Av.,isabellacohen7743@yahoo.com,92,07/25/1962,"67.1531300864, 123.561117184"
Maisie Delaney,01 02 85 76 04,7258 Arcu. Av.,10/22/1958,19,"-8.6051813376, 136.77709312",maisiedelaney1459@outlook.edu
82,9051 Ut St.,sylvesterbrennan1510@hotmail.com,08 13 35 32 96,"-21.9605338112, 20.1085022208",08/07/1981,Sylvester Brennan
39,04 27 83 58 80,"P.O. Box 306, 9599 Ullamcorper, St.",Carson Mathis,carsonmathis2967@icloud.org,12/21/1990,"66.4510456832, -33.9178756096"
"-5.9045117952, 0.6226828288",60,04/04/1951,fultonmann4838@hotmail.org,Fulton Mann,468-1764 Nec Street,06 71 25 05 53
"-70.8557669376, -11.2855800832",Beck Mcfarland,05 73 41 86 92,beckmcfarland@aol.couk,"P.O. Box 813, 6952 Magna Road",10/27/1969,83
10/28/1996,Zenia Mcgee,6,"6.4542081024, 150.1717791744",08 67 45 46 82,"Ap #292-4050 Felis, Ave",zeniamcgee@yahoo.ci
Lesley Mcdaniel,"-0.7193445376, -132.8908091392",4,03 57 88 78 78,1919 Mauris. Rd.,lesleymcdaniel3306@aol.ci,05/22/2000
Ap #191-2156 Adipiscing. St.,01 36 88 65 94,yulibrowning@aol.couk,Yuli Browning,19,"11.6247755776, 102.9281389568",02/24/1990
Perry Lindsay,"33.8887005184, 144.5686894592",Ap #441-8271 Nec Rd.,06 74 45 96 85,63,12/09/1952,perrylindsay8877@outlook.org
Kermit Finch,kermitfinch@aol.edu,08 74 33 92 68,08/12/1952,"-1.7402993664, -117.5155714048","186-8565 At, Ave",60
68,"-2.8235042816, -153.4290817024",08 77 77 06 05,"P.O. Box 958, 5290 Eu St.",07/22/1950,Colby Gardner,colbygardner@outlook.sa
11/09/1958,05 18 35 39 15,laureldodson@aol.org,"-9.4355584, 175.8141495296",Laurel Dodson,21,9017 Nam St.
08/19/1990,Venus Skinner,venusskinner@protonmail.com,"3.1465754624, -38.6651751424",5166 Metus Rd.,3,09 14 18 92 34
27,"63.400066048, -26.3880088576",karynholland6357@hotmail.net,Karyn Holland,01 14 43 61 52,Ap #959-8408 In Rd.,06/29/1945
08 31 65 48 69,Willow Hansen,"65.4764860416, 6.0708992",willowhansen6856@aol.net,07/29/1970,83,363-6353 Adipiscing Av.
47,Janna Morin,10/11/1993,01 82 31 59 28,jannamorin@hotmail.org,"P.O. Box 713, 5236 Duis Rd.","-79.309565952, -168.8970044416"
01/16/1996,60,"64.9243461632, -147.1389140992",mayarandall6828@yahoo.com,Maya Randall,323-687 Mauris St.,08 78 55 99 63
sybillrichardson@hotmail.sa,02 70 16 88 59,01/31/1969,"36.6671597568, -38.8533306368",6605 Lobortis. St.,Sybill Richardson,45
04/03/1969,52,06 71 63 31 17,tanekflowers8793@outlook.gh,Tanek Flowers,"34.7427902464, -74.4290849792","P.O. Box 689, 3673 Condimentum Av."
06 34 46 81 32,77,Sawyer Solis,sawyersolis@aol.ca,04/03/1961,"4.1382943744, 174.8497809408",148-714 Accumsan Av.
"-59.1292050432, -46.2046108672",05 64 70 51 44,Ferris Cotton,30,"118-1210 Ut, Road",01/09/1948,ferriscotton9816@outlook.net
03/01/1947,94,Shellie Rowe,06 58 83 86 63,shellierowe4229@icloud.com,"Ap #849-3589 Posuere, Rd.","58.8820120576, 1.274673664"
123-2652 Mauris Rd.,George O'donnell,38,08 27 73 13 32,"-84.3760657408, 1.6694079488",georgeodonnell2810@aol.sn,06/14/1972
Cassady Wood,cassadywood@google.sa,"-3.7933097984, 123.5435163648",02 06 41 72 76,08/19/2000,83,532-1098 Suspendisse St.
38,wandamcclain8703@protonmail.ca,05/09/1968,05 65 14 23 38,Wanda Mcclain,"12.5872472064, 30.3809234944",1826 Tincidunt Rd.
07 83 55 18 52,Ap #515-2229 Eu St.,dexterhuff62@outlook.couk,Dexter Huff,8,07/20/1999,"-20.242751488, -100.7038246912"
810-9019 Aliquam Ave,"-14.9236995072, -30.070343168",Fallon Garrett,07/29/1948,08 55 71 95 03,52,fallongarrett@icloud.gh
Ap #658-128 Ac Ave,"-5.2340954112, -99.9385427968",Rigel Buckner,40,04/28/1990,04 48 37 26 53,rigelbuckner3470@outlook.ci
Ap #280-9649 Lacus. St.,08 50 23 81 54,83,11/20/1996,"-65.693513216, -27.3444358144",hallholman4082@protonmail.ci,Hall Holman
christianware1446@yahoo.sa,02 43 37 98 33,Ap #690-6907 Arcu. Avenue,04/23/1956,Christian Ware,"-39.237884928, -169.7015130112",42
07 63 94 99 73,01/09/1991,Yoshi Hayden,yoshihayden@google.ca,"23.2803926016, -157.4225931264",78,Ap #228-8768 Nulla Avenue
01/18/1956,vincentcompton1705@protonmail.couk,06 95 51 15 77,210-5475 Lectus St.,"22.341860864, 55.591556608",Vincent Compton,4
06 57 96 37 55,Lev Parks,"P.O. Box 841, 9865 Tincidunt Rd.","-88.9362740224, -124.1490051072",07/03/1971,levparks@aol.ci,35
48,07 52 48 72 17,03/14/1966,odysseussutton@outlook.sn,"9.0226221056, 95.972332544",Ap #254-6346 Non St.,Odysseus Sutton
400-404 Egestas Avenue,Amal Lawrence,"86.688195072, -142.3731931136",76,06/18/1946,amallawrence@yahoo.gh,06 83 34 11 76
"Ap #814-4390 Non, Rd.",05 01 75 28 57,13,Josiah Mercer,josiahmercer@google.edu,08/01/1989,"15.8380465152, -70.805736448"
11/13/1949,"P.O. Box 740, 2259 Vehicula St.","-55.9591215104, 5.72224512",18,adenagrant387@yahoo.net,07 19 38 73 13,Adena Grant
04 88 71 42 37,09/12/1969,"28.3135080448, -126.2627345408",Stone Castillo,66,477-6044 Tristique Street,stonecastillo@protonmail.ci
Anthony Hopper,01/09/1955,05 98 85 24 19,"-33.8719277056, -147.4891592704",34,357-5810 Sit St.,anthonyhopper9929@aol.net
"-44.6671894528, 32.2281684992",101,Rajah Knowles,02 14 17 57 28,08/10/1966,"P.O. Box 887, 3117 Eget, St.",rajahknowles9302@icloud.net
67,chaneycleveland@protonmail.sa,"47.7416270848, -141.2349855744",03/22/1977,Ap #669-3432 Risus. Road,03 33 37 50 78,Chaney Cleveland
tobiaswilson1013@aol.com,109-608 Quisque Avenue,Tobias Wilson,"-65.0285915136, -9.2424092672",75,06 04 53 39 39,08/22/1980
Shellie Pitts,"-74.0505059328, -20.8612294656",06 46 01 00 31,75,shelliepitts5083@aol.org,177-6053 Et Av.,11/26/1993
"P.O. Box 696, 2523 Phasellus Road",05/04/1979,72,Salvador Stuart,"-34.0343322624, 43.5179025408",salvadorstuart@protonmail.couk,07 61 42 87 66
11/07/1963,76,5796 Nunc Av.,reesedominguez@aol.net,Reese Dominguez,05 44 14 45 38,"67.8654712832, 74.6756083712"
"873-1036 Luctus, Av.",brynnhamilton@aol.edu,6,"-8.864311296, -3.5132760064",07 57 82 24 18,Brynn Hamilton,09/27/1991
6948 Vel Ave,Pamela Richmond,"-3.5379741696, -141.3626242048",pamelarichmond2662@google.ci,08 26 95 48 66,51,03/23/1973
02 24 62 18 02,Elton Johnston,04/18/1950,67,eltonjohnston@icloud.net,Ap #277-622 Iaculis Avenue,"9.7730453504, 52.598556672"
95,Velma Hill,08/17/1992,07 36 52 02 88,velmahill@google.gh,"7571 Eu, Road","75.2135988224, -124.7933832192"
06 97 31 23 39,6595 Magna. Street,Anastasia Holland,"18.1785392128, -169.019133952",12/03/1952,45,anastasiaholland4890@protonmail.couk
keeliegonzales4544@icloud.gh,8363 Dolor Avenue,Keelie Gonzales,28,08 74 34 23 84,10/24/1945,"-14.6479520768, 126.8869277696"
27,"-49.5599799296, 16.7487176704",03/28/1969,ashtontodd@outlook.ci,Ap #451-7666 Magna Road,Ashton Todd,02 89 77 13 85
Ap #450-3985 Pharetra Avenue,Shafira Lyons,shafiralyons8520@icloud.edu,04/09/1992,"-72.364354048, -45.8305490944",6,02 70 36 53 56
